iterations,test-F1-mean,test-F1-std,train-F1-mean,train-F1-std,test-Logloss-mean,test-Logloss-std,train-Logloss-mean,train-Logloss-std
0,0.0,0.0,0.0,0.0,0.564373501789578,0.0013475075599747204,0.5641804715045511,0.001487332163184876
1,0.0,0.0,0.0,0.0,0.4683608223864201,0.007155077986985924,0.46751177491701423,0.008413748885453059
2,0.0,0.0,0.0,0.0,0.3955808919876633,0.0070394401223277635,0.39421439215699217,0.009031618089678159
3,0.0,0.0,0.0,0.0,0.3399959955217402,0.006260475955171263,0.3383113659792216,0.006245417375390622
4,0.0,0.0,0.0,0.0,0.2993370520477011,0.005010210624372327,0.2977790500424572,0.004432992612800417
5,0.0,0.0,0.0,0.0,0.2689161647787198,0.005019609130607884,0.2667494520934329,0.005759196519059866
6,0.0,0.0,0.0,0.0,0.24518267186606835,0.004937770041938354,0.24280942190532473,0.006120709869007897
7,0.0,0.0,0.0,0.0,0.22460470841402097,0.004097902694734523,0.2227207365979132,0.004391030106068721
8,0.0,0.0,0.0,0.0,0.21061613593527664,0.003827602990017257,0.20862686558077348,0.004865347403115758
9,0.0,0.0,0.0,0.0,0.2008063171185072,0.0028855283044585535,0.19868753568298073,0.003863017093386118
10,0.0,0.0,0.0,0.0,0.19205451636506576,0.0031995029004287406,0.18979508387740399,0.0024947796235318264
11,0.0,0.0,0.0,0.0,0.1844711019313208,0.0022936866759168946,0.18176531996084697,0.0023775146616954596
12,0.0,0.0,0.0,0.0,0.17940093193303294,0.002120275669036515,0.17664885421773335,0.0029872220495257267
13,0.0,0.0,0.0,0.0,0.1742364119455762,0.0016825512770978195,0.17145985602013097,0.00365706686270942
14,0.0,0.0,0.0,0.0,0.1703139326093735,0.002503413626807633,0.16732230196562006,0.0030428975073776743
15,0.0,0.0,0.0,0.0,0.16744858751481206,0.002448835716153896,0.16411556140774325,0.0030647371801437104
16,0.0,0.0,0.0,0.0,0.1655301009269349,0.002728200714364121,0.161926586827275,0.002927204499035956
17,0.0,0.0,0.0,0.0,0.1638797745932403,0.0031672064913630207,0.16004170585991523,0.0029184684854297507
18,0.0,0.0,0.0,0.0,0.16223085378880833,0.0033884339429810445,0.1581341935709716,0.0028122556234535913
19,0.0,0.0,0.0026666666666666666,0.005962847939999439,0.16046745030828333,0.0036913708513517194,0.15609720646292508,0.002970487304228837
20,0.0,0.0,0.0026666666666666666,0.005962847939999439,0.15855974761744054,0.004956626094909766,0.15395351109929914,0.0016987992785679924
21,0.0,0.0,0.0026666666666666666,0.005962847939999439,0.15760694383746032,0.004990283013516023,0.1526984619214744,0.002004762154187944
22,0.0,0.0,0.0026666666666666666,0.005962847939999439,0.15685088999578226,0.00510450532640678,0.15171892488995323,0.001924764052134644
23,0.0,0.0,0.0026666666666666666,0.005962847939999439,0.15630857255797245,0.005166851824097752,0.1508471335734483,0.0019133059345229453
24,0.0,0.0,0.0026666666666666666,0.005962847939999439,0.1554917727526407,0.005260221835344233,0.1498234318817138,0.0022027794295712663
25,0.0,0.0,0.0026666666666666666,0.005962847939999439,0.15515669263846074,0.005498007746691539,0.1493099468634209,0.0023204116935420286
26,0.0,0.0,0.0026666666666666666,0.005962847939999439,0.15428268421547958,0.005825895053040812,0.1481670461909545,0.0019576466881476287
27,0.0,0.0,0.0026666666666666666,0.005962847939999439,0.1541779768325187,0.005899621880164001,0.1476103194113378,0.0018782535395134626
28,0.0,0.0,0.0026666666666666666,0.005962847939999439,0.15361801897106703,0.006106331886565487,0.1469329180342217,0.001877637815775718
29,0.010256410256410255,0.022934030538459375,0.007894736842105262,0.017653168243419393,0.15332500680944702,0.006216020290756811,0.1464140738657572,0.0019619478967468603
30,0.010256410256410255,0.022934030538459375,0.007894736842105262,0.017653168243419393,0.15276890195432538,0.006096412644430024,0.14559123187794087,0.00235095605465968
31,0.010256410256410255,0.022934030538459375,0.007894736842105262,0.017653168243419393,0.1525157178511472,0.006150382649978463,0.14513791778783616,0.002275461498262899
32,0.010256410256410255,0.022934030538459375,0.007894736842105262,0.017653168243419393,0.1524009550500284,0.006326685525236539,0.14489207898165754,0.0023265870729960395
33,0.010256410256410255,0.022934030538459375,0.007894736842105262,0.017653168243419393,0.15214731609658178,0.006460562905399672,0.1442906547734013,0.0025555458966101006
34,0.010256410256410255,0.022934030538459375,0.010561403508771928,0.017162701583336402,0.15207454098095538,0.006544875800067504,0.14404051951233987,0.002510335402348887
35,0.02078272604588394,0.028461919193444676,0.010509803921568629,0.017054089945006283,0.15204901241099084,0.006707230806540955,0.14380681518660787,0.002545072761885934
36,0.02078272604588394,0.028461919193444676,0.010509803921568629,0.017054089945006283,0.15186997562904705,0.007090601937733878,0.14348322612443648,0.002390200165039803
37,0.02078272604588394,0.028461919193444676,0.010509803921568629,0.017054089945006283,0.15134546158571155,0.007325672943249975,0.14293974530455394,0.002244420711219654
38,0.02078272604588394,0.028461919193444676,0.00784313725490196,0.01753778805882188,0.15126779612949104,0.007343412564199454,0.14268151716180724,0.002332260443546542
39,0.02078272604588394,0.028461919193444676,0.010492143877418517,0.017050480465458567,0.15132243769179882,0.007378917154860939,0.14252435862536889,0.002349079410863684
40,0.02078272604588394,0.028461919193444676,0.013038617012126946,0.022494462293008295,0.15122016285846557,0.007425452775547179,0.14229642705445072,0.002349213066494194
41,0.02078272604588394,0.028461919193444676,0.015687623634643502,0.02132459981449362,0.15127764365948398,0.007542506888172663,0.1421260768657147,0.0024023282492770318
42,0.02078272604588394,0.028461919193444676,0.015687623634643502,0.02132459981449362,0.1510359852884761,0.007650550938543565,0.14178082685059937,0.002167735416437082
43,0.02078272604588394,0.028461919193444676,0.015687623634643502,0.02132459981449362,0.15080258968694854,0.007793291617609945,0.1414120084778305,0.002245636547748727
44,0.02078272604588394,0.028461919193444676,0.0183194349510139,0.02174218348037061,0.15071625856876184,0.007847435473665686,0.14110303964311258,0.002278336043727156
45,0.02078272604588394,0.028461919193444676,0.013038617012126946,0.02249446229300829,0.15075385772342895,0.007858833487308122,0.14094439271320675,0.0022801733250042595
46,0.02078272604588394,0.028461919193444676,0.01565276828434723,0.023270555977476345,0.15073605452227387,0.007951109085966804,0.1407791729685643,0.0023628221668945556
47,0.02078272604588394,0.028461919193444676,0.0183194349510139,0.02174218348037061,0.15066965078010214,0.00799689488520236,0.14055894629601084,0.0023219264680105684
48,0.02078272604588394,0.028461919193444676,0.0183194349510139,0.02174218348037061,0.15066067875749947,0.008047835803742033,0.140446098756998,0.002320594974107574
49,0.02078272604588394,0.028461919193444676,0.025894419306184014,0.032711629564459895,0.15061553398946398,0.008064844942360745,0.14029721902760128,0.0024025618158633787
50,0.02078272604588394,0.028461919193444676,0.028543425928700572,0.030555697809449132,0.15049022760927053,0.008089162877101227,0.14008233714657026,0.0023363392399953966
51,0.02078272604588394,0.028461919193444676,0.030928435509224785,0.029088706458300518,0.15041271254353156,0.008105110017165766,0.1399198035070727,0.0023127231552481833
52,0.02078272604588394,0.028461919193444676,0.03862897818546803,0.0291135297582149,0.15042417663772417,0.008143349862318456,0.13978394794816326,0.002306908257356349
53,0.02078272604588394,0.028461919193444676,0.035997631607101586,0.031017281476451993,0.15033565387180464,0.008202322339124952,0.13954545275859373,0.0024425673444252293
54,0.020526315789473688,0.028122210541879047,0.038387568714019826,0.03607821146840381,0.15021996087547315,0.008276185685130083,0.13937191542678434,0.0024172515015823196
55,0.020526315789473688,0.028122210541879047,0.03842173606982005,0.036079792618441936,0.1502615580765903,0.008246814989469936,0.1392362431999898,0.0024541397365714993
56,0.02078272604588394,0.028461919193444676,0.03603179896290181,0.03102241105070729,0.15013048921345015,0.008291726765039045,0.1390690079161472,0.002464471929599863
57,0.02078272604588394,0.028461919193444676,0.03842173606982005,0.036079792618441936,0.15023906259389083,0.00833268767238249,0.13892757739191908,0.002480471829945803
58,0.02078272604588394,0.028461919193444676,0.03603179896290181,0.03102241105070729,0.1502426399062152,0.008261911031087766,0.13879729030388102,0.0025338520187984754
59,0.02078272604588394,0.028461919193444676,0.043564937239511284,0.03332104299842316,0.150220200032643,0.008360383831114726,0.13868600651092186,0.002538969363115107
60,0.020526315789473688,0.028122210541879047,0.043564937239511284,0.03332104299842316,0.15010411940516719,0.008493848858474946,0.138484813868864,0.002531103478947388
61,0.020526315789473688,0.028122210541879047,0.041035887342040334,0.0342254451336297,0.15009840961780224,0.008633890622391855,0.13833248350598834,0.002562946694573799
62,0.020526315789473688,0.028122210541879047,0.041035887342040334,0.0342254451336297,0.15008820145132667,0.008594087757050908,0.1382171722564846,0.002547081255582306
63,0.020526315789473688,0.028122210541879047,0.04609531009246478,0.033364380592535665,0.1500546070059285,0.008866957241729622,0.13799760790954704,0.0026342027478050973
64,0.020526315789473688,0.028122210541879047,0.04869248931503101,0.0305458289276552,0.1500786252393094,0.008866359068334962,0.13773378772500827,0.0023623666064655196
65,0.020526315789473688,0.028122210541879047,0.04869248931503101,0.0305458289276552,0.15001352707546045,0.008937158331758038,0.13754018934452808,0.0023519485509560256
66,0.020526315789473688,0.028122210541879047,0.04869248931503101,0.0305458289276552,0.150007039272732,0.00891683122466142,0.13738602676076167,0.0023610182061244303
67,0.020526315789473688,0.028122210541879047,0.05373689462509096,0.030637766786212186,0.15000529068168295,0.008935560773019123,0.13727624059371152,0.002374980312017669
68,0.020526315789473688,0.028122210541879047,0.05123896244973943,0.03008553192387514,0.14996710185115997,0.008950196599299977,0.13712126075554534,0.002411568812165352
69,0.020526315789473688,0.028122210541879047,0.05123896244973943,0.03008553192387514,0.14988361580559667,0.008933085891270301,0.13699696196078856,0.0024065964943701095
70,0.02078272604588394,0.028461919193444676,0.05620939461967863,0.027964666717179672,0.1498401227864084,0.008998051063940376,0.13682496684905354,0.0024158095698786184
71,0.02078272604588394,0.028461919193444676,0.058675506002987474,0.02934441512720416,0.14995960845533815,0.009126451516034206,0.13661262467484056,0.002520563523222335
72,0.02078272604588394,0.028461919193444676,0.058675506002987474,0.02934441512720416,0.1499146934226347,0.009086782004747326,0.13651472679503485,0.002554684212993344
73,0.02078272604588394,0.028461919193444676,0.06111040078650758,0.03160432047391674,0.14997335946549004,0.009234286200461688,0.13637796187775203,0.002612918478133287
74,0.02078272604588394,0.028461919193444676,0.06367385040878075,0.028418331845145625,0.15009800895511466,0.009228571297492515,0.13627825719060382,0.0026329861170002328
75,0.020526315789473688,0.028122210541879047,0.06332051395954422,0.0351383018918481,0.15012956206462816,0.009198224646897355,0.13618658262011146,0.002618875497928155
76,0.030782726045883946,0.028116057565510076,0.06098771080874514,0.03141926859432513,0.15000416462013694,0.009345698103363217,0.13602902401543476,0.0026057474109234292
77,0.030782726045883946,0.028116057565510076,0.06611393992878231,0.025986559274351118,0.15008288130020403,0.009445889009701195,0.1359089799187973,0.002655433122201908
78,0.020256410256410257,0.027740935462394402,0.06611393992878231,0.025986559274351118,0.15008956354459507,0.009462311681082866,0.13581445574814985,0.0026702245644984594
79,0.020256410256410257,0.027740935462394402,0.07581096691156546,0.02985777469672753,0.1501599030201144,0.009548328506541425,0.13570838446989408,0.002677642619609532
80,0.030256410256410255,0.04486813171860931,0.07379335738737092,0.02154308750680548,0.1502528551634373,0.009614514662616999,0.1356083305694111,0.0026803401078430667
81,0.030256410256410255,0.04486813171860931,0.08058424765652206,0.033601440410506424,0.15023714738139665,0.009630130832462476,0.13548365000623447,0.0026398189977119907
82,0.030256410256410255,0.04486813171860931,0.08298292424874702,0.03384012359181551,0.15018767750267203,0.009575396257220167,0.1353451684052855,0.002685731192550979
83,0.030256410256410255,0.04486813171860931,0.08298292424874702,0.03384012359181551,0.1501812559772136,0.009602010615576946,0.13521452123734828,0.0026237450983022017
84,0.04078272604588394,0.042082591910194624,0.08298292424874702,0.03384012359181551,0.15018128415316578,0.009676121954768047,0.13509955788805733,0.0026418509587771595
85,0.04029492116783516,0.041230063329157,0.083139949140897,0.031130434702055326,0.15017080963730595,0.00968676440151224,0.13503890278148334,0.002650362977738049
86,0.04029492116783516,0.041230063329157,0.083139949140897,0.031130434702055326,0.15020341667514048,0.009656344511456768,0.1349495609722285,0.0026676806488438523
87,0.04029492116783516,0.041230063329157,0.083139949140897,0.031130434702055326,0.1503607601823761,0.00976937865379792,0.1348033755160764,0.0026800750758524537
88,0.04003851091142491,0.04114855794678303,0.08562239238767144,0.028323188885009155,0.1503713736888473,0.009853210139078554,0.13468977321620404,0.002685526555225887
89,0.029768605378361474,0.04392363661731376,0.08562239238767144,0.028323188885009155,0.15033468080476622,0.009958804292094467,0.13457973643881063,0.0026860538590382597
90,0.029512195121951225,0.043770125820434935,0.08813600780451267,0.024943606149319047,0.150305506587271,0.00997661398269479,0.13449069846145337,0.002694898388656658
91,0.029512195121951225,0.043770125820434935,0.0905386523259994,0.027088502765221522,0.1503224191018887,0.009969286492636273,0.13438475063245617,0.002753516290571002
92,0.029512195121951225,0.043770125820434935,0.09051096340266654,0.030917379076919497,0.15033650609395802,0.009956215100761544,0.13425532166975693,0.00273422607928543
93,0.029512195121951225,0.043770125820434935,0.09042930408533842,0.0310049818553875,0.15037507846371803,0.009956291270441335,0.13415494843064496,0.0027452578280305756
94,0.029512195121951225,0.043770125820434935,0.09030351792181641,0.030954492094969893,0.1504434594473202,0.010024605649830343,0.13393351018283087,0.0026787327957765506
95,0.029512195121951225,0.043770125820434935,0.09281713333865763,0.02736319913126031,0.1504934975687239,0.010014371872916194,0.13383510160819223,0.0026826913019172074
96,0.029512195121951225,0.043770125820434935,0.09281713333865763,0.02736319913126031,0.15047205988230744,0.010072231197481532,0.13375711201962734,0.0026812139139820437
97,0.029512195121951225,0.043770125820434935,0.09518955591647786,0.030034528945506053,0.15041911942768788,0.0100187346190612,0.13361613906935643,0.0027294690866778984
98,0.029047619047619044,0.042870368329717246,0.09273650768357418,0.027470844444892048,0.15044337242504088,0.010105774795106087,0.13352254722012147,0.0027062630027484555
99,0.029047619047619044,0.042870368329717246,0.09517261945811442,0.024596543974329827,0.1504423561738137,0.010130570565059829,0.1334601201765087,0.002708800155707712
100,0.029047619047619044,0.042870368329717246,0.09753286790531938,0.025716305775012487,0.15042030627405892,0.010168639688473815,0.13338139848248615,0.0027318953549164363
101,0.029047619047619044,0.042870368329717246,0.09753286790531938,0.025716305775012487,0.15058726605166176,0.010133890665740762,0.13326787324926653,0.0027173771065125813
102,0.028604651162790696,0.04201843577973696,0.09753286790531938,0.025716305775012487,0.15075114800440903,0.010279231868640385,0.13314722405908958,0.0026732333428435393
103,0.028604651162790696,0.04201843577973696,0.09753286790531938,0.025716305775012487,0.15073559376350493,0.010268033794444416,0.13305407120960672,0.0026812313405490886
104,0.028604651162790696,0.04201843577973696,0.1023866800613034,0.02445277258892445,0.15078219795537431,0.0102174303709947,0.13294053806534215,0.0026951184507737177
105,0.028604651162790696,0.04201843577973696,0.10482498115198091,0.027486134972645005,0.15083222971791801,0.010309205584048423,0.13282587710690255,0.002736945203320274
106,0.028604651162790696,0.04201843577973696,0.10723351290923004,0.0229713086707435,0.1508140680531384,0.010329380381354185,0.13274867101375498,0.002737108229866184
107,0.028604651162790696,0.04201843577973696,0.10723351290923004,0.0229713086707435,0.15079545965789828,0.010334610058723279,0.13267231475559665,0.0027531196705705874
108,0.028604651162790696,0.04201843577973696,0.10723351290923004,0.0229713086707435,0.1508615663519949,0.010371090777538684,0.13261093184164152,0.002752919680466487
109,0.029047619047619044,0.042870368329717246,0.1094992264136638,0.021087655892404134,0.1507773443386866,0.01034141527272451,0.13248016664651724,0.0028144343766221447
110,0.029047619047619044,0.042870368329717246,0.1118017334196473,0.023484897150511646,0.15080348663388332,0.010246963150901936,0.13235875418010068,0.0028372364976248276
111,0.028604651162790696,0.04201843577973696,0.11187573654197498,0.022011170531191837,0.15076064486025492,0.010237335705757184,0.13226378265885533,0.002825294542070358
112,0.028604651162790696,0.04201843577973696,0.11187573654197498,0.022011170531191837,0.15096792480829524,0.010291331124554388,0.13213087401955567,0.0028425462288537914
113,0.03727272727272728,0.05947428085016774,0.114375736541975,0.019062876875379123,0.15120661586353124,0.010287213047259708,0.1320221712967776,0.002885737653851767
114,0.028604651162790696,0.04201843577973696,0.11903216843384576,0.024589321967233967,0.15135724148653457,0.010267227248355697,0.13190576394977432,0.002855216833708594
115,0.028604651162790696,0.04201843577973696,0.12381118653355416,0.01883094969004491,0.1514335412452945,0.010189424451254401,0.13176515965374205,0.0029359517788095078
116,0.028604651162790696,0.04201843577973696,0.12367316030857141,0.018943181902917473,0.15157891284412595,0.010236624055754505,0.13167885920792238,0.0029493709066576016
117,0.029047619047619044,0.042870368329717246,0.12367316030857141,0.018943181902917473,0.15154457137137337,0.010274769316460562,0.13159243266747317,0.002980576722358179
118,0.03790697674418605,0.06079738757872786,0.12367316030857141,0.018943181902917473,0.15148396185732635,0.010261429388651115,0.1314840327049956,0.003037976656836659
119,0.03790697674418605,0.06079738757872786,0.12606150518557163,0.015924006167081842,0.15152892407451973,0.010303188161546382,0.13139167884823483,0.0030339060191904464
120,0.03790697674418605,0.06079738757872786,0.12606150518557163,0.015924006167081842,0.15173907309344298,0.010335618797893959,0.1312750574956799,0.0030051142165671233
121,0.0381633870005963,0.060863807024211944,0.12606150518557163,0.015924006167081842,0.15177742539848382,0.010395451611351584,0.1311927934257466,0.0030369799519975533
122,0.03790697674418605,0.06079738757872786,0.12606150518557163,0.015924006167081842,0.1517622697115655,0.010387543678014897,0.13112678860322532,0.0030243538791532108
123,0.03790697674418605,0.06079738757872786,0.12367316030857141,0.018943181902917473,0.15178376465192006,0.010468761734400785,0.1310249612894788,0.0030842928011071405
124,0.03790697674418605,0.06079738757872786,0.12381118653355416,0.01883094969004491,0.15181977188414528,0.010475211601325824,0.13094407162576355,0.00306743113811687
125,0.03790697674418605,0.06079738757872786,0.12381118653355416,0.01883094969004491,0.15175193337319853,0.010524725705967103,0.13085901775818182,0.003058904766778986
126,0.038571428571428576,0.06218799674193977,0.12367316030857141,0.018943181902917473,0.15174577608432874,0.010561739565713886,0.1307835340334193,0.0030675008510977868
127,0.03790697674418605,0.06079738757872786,0.12367316030857141,0.018943181902917473,0.15170679818991845,0.010609947277460206,0.1307069375937347,0.0030603529357037572
128,0.03790697674418605,0.06079738757872786,0.12367316030857141,0.018943181902917473,0.15180217617965835,0.010618542821861457,0.13061852356136655,0.0030469782497376417
129,0.04843329253365973,0.057033209074300074,0.1259908153869627,0.01768941839420525,0.15183968406247839,0.010590471138632675,0.13055173322745428,0.0030408267396724044
130,0.048853841921877875,0.05836157341445204,0.12367316030857141,0.018943181902917473,0.15183569654302548,0.010588990349413425,0.1304686159953674,0.0030626526304396227
131,0.048853841921877875,0.05836157341445204,0.1238227937067459,0.018929129450247405,0.15184929739861933,0.010570608696873804,0.1304102861360496,0.0030763442881662096
132,0.048853841921877875,0.05836157341445204,0.1238227937067459,0.018929129450247405,0.1518482007490103,0.010497105448622573,0.1303000518245045,0.003094263422577174
133,0.048853841921877875,0.05836157341445204,0.1238227937067459,0.018929129450247405,0.1518100364523762,0.010549509658789981,0.13024709612585397,0.0030926928282409673
134,0.04858393638881444,0.05834285231354626,0.12827591622278817,0.02169930948225197,0.1517775114301147,0.010680446487798225,0.13018454899395865,0.0030867939136505437
135,0.04858393638881444,0.05834285231354626,0.12827591622278817,0.02169930948225197,0.15175589475875778,0.010736715857316592,0.13009832941969882,0.003058552193580754
136,0.04791948456157191,0.05700434971551879,0.13055233898701582,0.021465701155376805,0.15176113617334344,0.010795826564964583,0.13000624393731072,0.003030809709818431
137,0.04766307430516166,0.05698832447176915,0.13284172997908522,0.02102466848656685,0.15182738676088056,0.010760175059731729,0.12993548336063246,0.003025700433633039
138,0.04766307430516166,0.05698832447176915,0.12827591622278817,0.02169930948225197,0.15183999445476654,0.010859115058368701,0.12985738330310925,0.003029352734873929
139,0.04766307430516166,0.05698832447176915,0.12827591622278817,0.02169930948225197,0.15188106545789876,0.010913670790569043,0.12978252125370265,0.003051240199098323
140,0.04766307430516166,0.05698832447176915,0.13284172997908522,0.02102466848656685,0.15205408558748237,0.01096531993802968,0.1296877621669139,0.003027403730654104
141,0.04791948456157191,0.05700434971551879,0.13055233898701582,0.021465701155376805,0.15204579654253272,0.010927656547267947,0.12959878186665635,0.003028167322308784
142,0.04791948456157191,0.05700434971551879,0.13744674263671192,0.022587239711804322,0.15216128029091447,0.011052803192773297,0.12951157028850444,0.0030075736040891202
143,0.04766307430516166,0.05698832447176915,0.13764366757801313,0.019253247050561247,0.1521168421807268,0.010996025312194738,0.1294097199653948,0.003024007243267896
144,0.04766307430516166,0.05698832447176915,0.1353946715940774,0.01889411180728049,0.15206158932150673,0.010971730524565933,0.1293524715546272,0.0030132353482554483
145,0.04702882483370289,0.05571361029093422,0.1353946715940774,0.01889411180728049,0.15208127839338018,0.010992325223500488,0.12926446174636477,0.0030225649234470195
146,0.04702882483370289,0.05571361029093422,0.13765173438283754,0.022892903885127696,0.15215110718886,0.010998095264100475,0.12919939222863414,0.003025138402772093
147,0.04702882483370289,0.05571361029093422,0.13990073036677325,0.02291494700908325,0.1520845501812656,0.011084416435783966,0.1291360759152355,0.0030106429673857557
148,0.04702882483370289,0.05571361029093422,0.1421901213588427,0.021280268977841767,0.15211237984055026,0.011128728969459972,0.12907480074988853,0.0030132861706235617
149,0.04702882483370289,0.05571361029093422,0.13990073036677325,0.02291494700908325,0.1521145306217242,0.011111907648059407,0.12898841774218753,0.0030050627915891785
150,0.04702882483370289,0.05571361029093422,0.14238014976515084,0.021427140013104168,0.15211780992959728,0.011111633323076204,0.1289217349357457,0.0030140112084997444
151,0.04766307430516166,0.05698832447176915,0.1446291457490866,0.02082178208664094,0.15211270399355303,0.011123833487989718,0.12883628205563552,0.0030424518314383013
152,0.04766307430516166,0.05698832447176915,0.1446043379225256,0.01864425213653222,0.15209856600128122,0.011249971581729558,0.1287512824355867,0.002983778132170107
153,0.04766307430516166,0.05698832447176915,0.1468614007112857,0.021511362976835546,0.15217786909090197,0.011315937801852182,0.12862002077548645,0.003054295378927976
154,0.04702882483370289,0.05571361029093422,0.1468614007112857,0.021511362976835546,0.152226308359419,0.01142140008891655,0.12852275410337607,0.003074774494105533
155,0.04766307430516166,0.05698832447176915,0.14688647290981008,0.021758566827538236,0.1521354826362365,0.011518036975955862,0.12844160952676906,0.0030306707050392484
156,0.04702882483370289,0.05571361029093422,0.1492449634758478,0.017397386227784643,0.1521250876066845,0.01157835227183979,0.1283507402293725,0.0030787941851666435
157,0.04702882483370289,0.05571361029093422,0.14449812803280984,0.026515060079715203,0.15216433033243743,0.011622737526530806,0.12828565764501654,0.003074439711370856
158,0.04702882483370289,0.05571361029093422,0.14698549916341327,0.016604509095175857,0.15211160046984382,0.011692393909648262,0.12821882837345608,0.0030717841725791516
159,0.04702882483370289,0.05571361029093422,0.15147450110864746,0.02128673837054644,0.15227855766048698,0.011473450031295063,0.12810646940294051,0.0030283696033715163
160,0.04702882483370289,0.05571361029093422,0.15166920590009023,0.017580715963351985,0.1522604985931218,0.0114669243373498,0.12803100917363255,0.0030228345179279924
161,0.04702882483370289,0.05571361029093422,0.1494075651018641,0.019230054428211605,0.1523116418266132,0.01146918035371111,0.12793724385373897,0.0030157216771998863
162,0.04766307430516166,0.05698832447176915,0.14462483211158392,0.022519027282983807,0.15226955203773768,0.011461598773515292,0.1278805136060182,0.0030155676072145423
163,0.04766307430516166,0.05698832447176915,0.14911854977603328,0.022133550114779733,0.1523225054672806,0.011476684099560291,0.12782174987299377,0.003006642777385865
164,0.04766307430516166,0.05698832447176915,0.1513383380199179,0.02369523931186814,0.15233816734190614,0.011474203529238017,0.1277795094742466,0.003000664214499708
165,0.04791948456157191,0.05700434971551879,0.15116309157961122,0.02375280418976596,0.15229198681490622,0.011445373478197438,0.12772167572956764,0.003015794382767093
166,0.0481633870005963,0.057011563129470526,0.1557511197784486,0.022244832867729186,0.15231432393558952,0.011518550440457681,0.1275878060662486,0.00303176905747792
167,0.0481633870005963,0.057011563129470526,0.15339262921241087,0.026532254762742437,0.15234954784718105,0.011549709210652966,0.1274457597866028,0.0030310598089056486
168,0.0481633870005963,0.057011563129470526,0.15339262921241087,0.026532254762742437,0.15241932044817177,0.011528615560270437,0.12730746459581738,0.002954386759461335
169,0.0481633870005963,0.057011563129470526,0.15320277890207862,0.02649821386342639,0.15240163616474645,0.011506950071364555,0.12723431186302564,0.0029633773755083906
170,0.0481633870005963,0.057011563129470526,0.15320277890207862,0.02649821386342639,0.1523973498264506,0.011495991574419167,0.12718376766639453,0.0029639688270845454
171,0.0481633870005963,0.057011563129470526,0.15320277890207862,0.02649821386342639,0.1524177637126742,0.011535325791731785,0.12711775198769695,0.0029650205369705375
172,0.0481633870005963,0.057011563129470526,0.15320277890207862,0.02649821386342639,0.15247685555417076,0.011558145598740436,0.12706643884405686,0.0029625613746226778
173,0.0481633870005963,0.057011563129470526,0.15320277890207862,0.02649821386342639,0.15250798211056563,0.011677384977719578,0.12698647477405692,0.002991851212258602
174,0.04791948456157191,0.05700434971551879,0.1509537829181429,0.027855631821079453,0.15247726955267968,0.011625139205505966,0.12691852110632976,0.003000325336611917
175,0.04728523509011314,0.055733649640173646,0.15320277890207862,0.02649821386342639,0.15247828206643374,0.011655459799186217,0.12687039977729253,0.0030064331930467494
176,0.04752913752913753,0.05574449644290152,0.15320277890207862,0.02649821386342639,0.15248002763435023,0.011768890724116871,0.12678222585405946,0.002979769301056814
177,0.04752913752913753,0.05574449644290152,0.15320277890207862,0.02649821386342639,0.15248163267702128,0.011764321574436477,0.12669457499900286,0.002999325828902441
178,0.04728523509011314,0.055733649640173646,0.15542484080237443,0.026056340726829073,0.1526465173046925,0.011898486880726228,0.1265858057159773,0.003056773031399464
179,0.04728523509011314,0.055733649640173646,0.15762044958480953,0.026542122873405034,0.15261975581649462,0.011892030061319132,0.12651789583302012,0.003048521934844042
180,0.04728523509011314,0.055733649640173646,0.15542484080237443,0.026056340726829073,0.15265195881697485,0.011924293737141175,0.1264540512910079,0.003033138001640392
181,0.04728523509011314,0.055733649640173646,0.15542484080237443,0.026056340726829073,0.1526616566682033,0.011879900846379422,0.1263679412523364,0.00305660544127269
182,0.04728523509011314,0.055733649640173646,0.15761292476321612,0.030351076832313015,0.15263097296373582,0.011907526425517519,0.1262822656119107,0.0030643150709103503
183,0.04752913752913753,0.05574449644290152,0.15762735373659467,0.02923391731332035,0.15262002827614915,0.01201601880728367,0.12618525159735933,0.00311200506390448
184,0.04752913752913753,0.05574449644290152,0.16219347722954966,0.025027041866933036,0.15265692750387738,0.01205906423520296,0.12613373607250467,0.0031254541528698693
185,0.04752913752913753,0.05574449644290152,0.16219347722954966,0.025027041866933036,0.15265743162285567,0.012041938666201506,0.1260671789481842,0.0031434666558691417
186,0.04752913752913753,0.05574449644290152,0.16238105388347074,0.024969548504588802,0.15271949207289226,0.012099329446352015,0.12596669891579082,0.003153767817380762
187,0.0481633870005963,0.057011563129470526,0.160022563317433,0.029524530455288245,0.1527461358115415,0.012086289929021008,0.12591207695278625,0.0031590512444722753
188,0.0481633870005963,0.057011563129470526,0.16223019624435026,0.02961963866337874,0.15271823836393875,0.012136778882313678,0.1258580575231783,0.003147893228687376
189,0.04790697674418605,0.05699691147591597,0.16223019624435026,0.02961963866337874,0.1527456774284425,0.012195512761947752,0.1257917393382884,0.003128668180384057
190,0.0481633870005963,0.057011563129470526,0.16441154782689943,0.030508207364455843,0.1527388378576023,0.012195928777152,0.12573375455675934,0.0031296908861996094
191,0.0481633870005963,0.057011563129470526,0.16638157227504455,0.031083396323482178,0.1527374946880104,0.012156091748677385,0.12565405174593686,0.003158202364200883
192,0.0481633870005963,0.057011563129470526,0.1665587112585331,0.025507668160337914,0.1527212475473841,0.012137235065071007,0.12555820084807012,0.003154031671063084
193,0.04790697674418605,0.05699691147591597,0.17088416308473006,0.027394970446138398,0.15270928845152315,0.012065914470909468,0.12547668507354098,0.0031578378301326386
194,0.04766307430516166,0.05698832447176915,0.1752156764894594,0.030862745254822813,0.15265478888656803,0.012103957228161188,0.12541085413739267,0.003179905095726888
195,0.04790697674418605,0.05699691147591597,0.17547610733375443,0.030117454634061118,0.15265611145374394,0.012150781048377848,0.1253550283479084,0.0031866104106761427
196,0.04790697674418605,0.05699691147591597,0.1756239482977891,0.025688106476066962,0.1526285219227597,0.01221399580025126,0.12528288944869062,0.003189240648222813
197,0.04766307430516166,0.05698832447176915,0.1820910141660526,0.0272086491240984,0.15267740579573372,0.012255237646123796,0.1252256433418757,0.0031970860092263038
198,0.04766307430516166,0.05698832447176915,0.17780529988033827,0.02530346479781316,0.15272195172831046,0.012284250709779647,0.12512388434630933,0.00325446129309325
199,0.04702882483370289,0.05571361029093422,0.17972710171556627,0.02566621493480492,0.15272985226849506,0.012280054345157575,0.12505784657101887,0.0032635346160859915
200,0.04702882483370289,0.05571361029093422,0.17741778610638667,0.030759185603081277,0.15276300689679875,0.012238587413537186,0.12499968626817695,0.0032594513096971187
201,0.04702882483370289,0.05571361029093422,0.17954796362117958,0.03213028770190022,0.15290335319223186,0.011995617858121182,0.12488315872811713,0.0031425022338561837
202,0.04702882483370289,0.05571361029093422,0.17977337923121056,0.032220067948954365,0.15291539060552062,0.011926249781929795,0.12478522427920395,0.0031442484509177507
203,0.04702882483370289,0.05571361029093422,0.17977337923121056,0.032220067948954365,0.15292094730822475,0.012016572249273645,0.12471131403466362,0.0031441466997810187
204,0.04702882483370289,0.05571361029093422,0.18187715616776345,0.027236910648194716,0.152950811229644,0.011940657468751732,0.12460323748900567,0.0031474707753198754
205,0.04702882483370289,0.05571361029093422,0.18425810854871583,0.027395565752168234,0.152999355519157,0.011892201955529123,0.12455824106152472,0.0031281895862601858
206,0.04702882483370289,0.05571361029093422,0.18425810854871583,0.027395565752168234,0.1530012761340953,0.01191514556935679,0.12449177112287368,0.0031162185412871865
207,0.04702882483370289,0.05571361029093422,0.18425810854871583,0.027395565752168234,0.15305522060512783,0.011895835579072284,0.12444358778734987,0.003117331246792926
208,0.04702882483370289,0.05571361029093422,0.18616287045347774,0.02825362855264594,0.15314192875055577,0.011959375624272803,0.12439401828601167,0.003105347077843147
209,0.04642276422764228,0.0545021755886481,0.18616287045347774,0.02825362855264594,0.15316730469447518,0.011988421944387458,0.1243554157884686,0.003104611313807455
210,0.04642276422764228,0.0545021755886481,0.18616287045347774,0.02825362855264594,0.15325156780687826,0.011997658032371152,0.12430497801771623,0.003088486447584185
211,0.04642276422764228,0.0545021755886481,0.18424402007308888,0.028531951989201356,0.15330714907575532,0.011951173549637723,0.1242537148457075,0.003085368466864729
212,0.04642276422764228,0.0545021755886481,0.18639393710649194,0.03078588539386208,0.15338999724692903,0.011953689049172066,0.1241769491316426,0.0031013133143389143
213,0.04642276422764228,0.0545021755886481,0.18382805816937556,0.03542214926128772,0.15343036488764955,0.011983882469087314,0.12410426045797289,0.0031002432366308997
214,0.04642276422764228,0.0545021755886481,0.18404191616766466,0.03538568783840716,0.15343419611609505,0.012034536520162396,0.12401388596589258,0.0031409924691349457
215,0.04619047619047619,0.05449208892217328,0.18147518734085613,0.03858028410328178,0.15347193420078437,0.012007791902986217,0.12396746425669089,0.003149390474229708
216,0.04619047619047619,0.05449208892217328,0.17931965056993474,0.03833064932547382,0.15352307856334635,0.012034349922010513,0.12389237602760332,0.0031670105985344317
217,0.04619047619047619,0.05449208892217328,0.17931965056993474,0.03833064932547382,0.15358613673704222,0.012043312822165902,0.12385205467575136,0.003168298697082818
218,0.04619047619047619,0.05449208892217328,0.18167814113597247,0.033275203020231674,0.15359772554592577,0.01200928518113182,0.1238095323884082,0.0031781784714732917
219,0.04619047619047619,0.05449208892217328,0.18167814113597247,0.033275203020231674,0.1535457257097153,0.012031933468859694,0.12370346009533317,0.0031948568876938523
220,0.04619047619047619,0.05449208892217328,0.18167814113597247,0.033275203020231674,0.15356333388777277,0.012045660437959098,0.1236508511296216,0.003201162775380027
221,0.04619047619047619,0.05449208892217328,0.18167814113597247,0.033275203020231674,0.15360515503243716,0.011946852586191112,0.12357391303672374,0.0032050137339414723
222,0.04619047619047619,0.05449208892217328,0.18167814113597247,0.033275203020231674,0.1535965616119902,0.011931090915654297,0.12348043331515965,0.0032472283671143138
223,0.04619047619047619,0.05449208892217328,0.18167814113597247,0.033275203020231674,0.1536739836926644,0.011975719853087125,0.12341498391648673,0.003251748561453261
224,0.04619047619047619,0.05449208892217328,0.18383367790689387,0.03337258226400396,0.15365566651619922,0.012033796634467145,0.12335599012559666,0.003246140012804238
225,0.04619047619047619,0.05449208892217328,0.18405909351692484,0.03342291834274403,0.15377762288012975,0.012106813722394756,0.12327587498006623,0.003280225226616319
226,0.04619047619047619,0.05449208892217328,0.18404191616766466,0.03538568783840716,0.15382702836141784,0.012060222034576244,0.12319815674218408,0.0032650697724778527
227,0.04619047619047619,0.05449208892217328,0.18192891600213196,0.032479029394044776,0.15388931990645038,0.012108221302758489,0.12313404943305342,0.0032844358494835573
228,0.04619047619047619,0.05449208892217328,0.18189199913426163,0.033253673841081285,0.15386367559411226,0.012203267643359219,0.12302822861309552,0.00328935246572825
229,0.04619047619047619,0.05449208892217328,0.18382805816937556,0.03542214926128772,0.15396961087352706,0.01202734662806539,0.12295630048494541,0.0032555620541044705
230,0.04505572441742655,0.05223612049057209,0.18164670658682636,0.036155034575467995,0.1540789476360026,0.01212663242989972,0.1228771551665104,0.003295269310813957
231,0.04505572441742655,0.05223612049057209,0.18164670658682636,0.036155034575467995,0.15422408565865225,0.012105922929406805,0.12278777249681531,0.003291723543687657
232,0.04505572441742655,0.05223612049057209,0.18164670658682636,0.036155034575467995,0.15424521198109276,0.012076487991881877,0.12273221755236352,0.0032903855735146696
